Time diff;Memory (KB);Thread id
0;5892;139881443813184
0;6528;139881443813184
0;6860;139881443813184
0;7088;139881443813184
0;7088;139881443813184
0;7240;139881443813184
0;7240;139881443813184
0;7240;139881443813184
0;7240;139881443813184
0;7352;139881443813184
15682562;5892;139881426757376
14355151;6528;139881418364672
14637208;6860;139881418364672
14373066;7088;139881443542784
15251832;7088;139881418364672
15052938;7240;139881443542784
15757854;7240;139881418364672
14605869;7240;139881443542784
15525987;7240;139881418364672
14704385;7352;139881443542784
18872703;5892;139881443542784
17115759;6528;139881435150080
17484979;6860;139881443542784
17113638;7088;139881418364672
17766118;7088;139881435150080
17609316;7240;139881443542784
18550769;7240;139881426757376
17311145;7240;139881443542784
18027033;7240;139881418364672
17952826;7352;139881426757376
19566894;5892;139881435150080
17996623;6528;139881426757376
18244425;6860;139881435150080
17306877;7088;139881443542784
18475874;7088;139881418364672
18004397;7240;139881435150080
18779119;7240;139881435150080
17523016;7240;139881426757376
18715640;7240;139881443542784
18830206;7352;139881435150080
19762966;5892;139881426757376
18727174;6528;139881443542784
19938008;6860;139881418364672
17838213;7088;139881435150080
19422093;7088;139881426757376
18543892;7240;139881443542784
19068671;7240;139881443542784
18009334;7240;139881443542784
19621396;7240;139881426757376
19750994;7352;139881426757376
20502181;5892;139881426757376
19128584;6528;139881418364672
20044532;6860;139881443542784
17860454;7088;139881443542784
19587782;7088;139881435150080
18561735;7240;139881426757376
19458669;7240;139881435150080
18020950;7240;139881426757376
20408336;7240;139881435150080
20372376;7352;139881418364672
20903207;5892;139881418364672
19247857;6528;139881435150080
20050867;6860;139881435150080
18681322;7088;139881426757376
20410400;7088;139881426757376
18964514;7240;139881426757376
19853605;7240;139881443542784
18815120;7240;139881435150080
20474934;7240;139881443542784
20528753;7352;139881435150080
21129667;5892;139881426757376
19498640;6528;139881426757376
20097284;6860;139881426757376
19024884;7088;139881435150080
20718264;7088;139881426757376
19505285;7240;139881443542784
20690815;7240;139881435150080
19443109;7240;139881443542784
20503102;7240;139881418364672
21499701;7352;139881435150080
21834646;5892;139881435150080
19681570;6528;139881418364672
21641120;6860;139881443542784
19442354;7088;139881435150080
21187862;7088;139881443542784
19561287;7240;139881426757376
21268744;7240;139881435150080
19491361;7240;139881435150080
21094940;7240;139881418364672
21521801;7352;139881418364672
21877917;5892;139881418364672
20249674;6528;139881418364672
21902496;6860;139881435150080
19616741;7088;139881443542784
21409315;7088;139881418364672
20056875;7240;139881435150080
22050972;7240;139881435150080
19843149;7240;139881435150080
21152770;7240;139881443542784
21531676;7352;139881443542784
21993912;5892;139881443542784
21348701;6528;139881426757376
22179600;6860;139881443542784
19806308;7088;139881435150080
21413531;7088;139881426757376
20655506;7240;139881435150080
22141706;7240;139881426757376
20339123;7240;139881435150080
21368755;7240;139881435150080
22627481;7352;139881443542784
22326171;5892;139881418364672
21389131;6528;139881443542784
22204091;6860;139881418364672
20648957;7088;139881435150080
22011806;7088;139881418364672
20670646;7240;139881443542784
22233453;7240;139881443542784
20464981;7240;139881426757376
22093087;7240;139881418364672
22897834;7352;139881418364672
23280366;5892;139881418364672
21401715;6528;139881435150080
23089292;6860;139881426757376
21000404;7088;139881426757376
22141791;7088;139881443542784
21181568;7240;139881426757376
22647822;7240;139881435150080
20690610;7240;139881435150080
22337843;7240;139881435150080
23342725;7352;139881435150080
23494353;5892;139881443542784
21950892;6528;139881435150080
23340539;6860;139881435150080
21742844;7088;139881443542784
22251883;7088;139881435150080
21402823;7240;139881418364672
22721773;7240;139881418364672
21814762;7240;139881435150080
23129693;7240;139881443542784
24063146;7352;139881418364672
23671278;5892;139881418364672
23233019;6528;139881435150080
24400496;6860;139881426757376
21892522;7088;139881426757376
22652215;7088;139881418364672
21961692;7240;139881426757376
23170734;7240;139881435150080
21964120;7240;139881443542784
23674437;7240;139881418364672
24251988;7352;139881426757376
23846309;5892;139881435150080
23266716;6528;139881426757376
25281615;6860;139881418364672
22030557;7088;139881435150080
24022417;7088;139881418364672
22017655;7240;139881435150080
24556344;7240;139881435150080
22204633;7240;139881418364672
23682615;7240;139881426757376
24960914;7352;139881435150080
24570296;5892;139881435150080
24358881;6528;139881418364672
25564580;6860;139881435150080
22832690;7088;139881418364672
24206189;7088;139881443542784
22253224;7240;139881443542784
26208775;7240;139881426757376
22478495;7240;139881443542784
24883802;7240;139881426757376
25412004;7352;139881435150080
24964226;5892;139881435150080
25246305;6528;139881426757376
25815699;6860;139881426757376
23398319;7088;139881435150080
24532938;7088;139881443542784
22343354;7240;139881435150080
26589386;7240;139881435150080
23102242;7240;139881418364672
25129561;7240;139881418364672
25602628;7352;139881426757376
25246443;5892;139881426757376
25472637;6528;139881443542784
26897513;6860;139881426757376
23729033;7088;139881418364672
24536943;7088;139881435150080
22638418;7240;139881426757376
26663255;7240;139881418364672
23457509;7240;139881435150080
25219421;7240;139881443542784
25815112;7352;139881435150080
25786004;5932;139881435150080
26802753;6528;139881418364672
26929752;6860;139881418364672
23917369;7088;139881435150080
24926191;7088;139881443542784
23088308;7240;139881435150080
27544958;7240;139881435150080
23671580;7240;139881435150080
25225748;7240;139881426757376
27324090;7352;139881426757376
26224282;5932;139881418364672
26807485;6528;139881443542784
26994286;6860;139881435150080
24869454;7088;139881435150080
25911152;7088;139881426757376
23978416;7240;139881435150080
27986859;7240;139881435150080
24595404;7240;139881418364672
25770119;7240;139881418364672
27549819;7352;139881435150080
27257801;5932;139881435150080
26970004;6528;139881435150080
27242060;6860;139881443542784
25690520;7088;139881426757376
26103330;7088;139881418364672
24323745;7240;139881426757376
28016504;7240;139881418364672
24662271;7240;139881426757376
26742315;7240;139881435150080
27589060;7352;139881418364672
28171169;5932;139881443542784
27673723;6528;139881426757376
27755411;6860;139881443542784
25993981;7088;139881426757376
26234453;7088;139881435150080
24497186;7240;139881435150080
28685929;7240;139881443542784
24919912;7240;139881443542784
27212965;7240;139881435150080
29506606;7352;139881426757376
29018349;5932;139881418364672
28493207;6528;139881435150080
27768950;6860;139881418364672
26447777;7088;139881426757376
27191640;7172;139881443542784
25259222;7240;139881418364672
29599696;7240;139881443542784
25499866;7240;139881435150080
28314005;7240;139881426757376
29580970;7352;139881435150080
29702556;5932;139881426757376
28504839;6528;139881426757376
28254052;6860;139881426757376
26551562;7088;139881418364672
27228600;7172;139881418364672
25338666;7240;139881426757376
29741426;7240;139881418364672
25544850;7240;139881426757376
29219675;7240;139881435150080
29647333;7352;139881418364672
30002141;5932;139881426757376
28817054;6528;139881435150080
29150072;6860;139881418364672
27348738;7088;139881443542784
27661676;7172;139881443542784
25631428;7240;139881418364672
29879492;7240;139881426757376
25880037;7240;139881418364672
29385433;7240;139881426757376
29995655;7352;139881426757376
31076208;6084;139881443542784
29384210;6528;139881435150080
29160421;6860;139881435150080
27535734;7088;139881426757376
28859647;7172;139881426757376
26912643;7240;139881426757376
29994291;7240;139881443542784
27159083;7240;139881443542784
29619791;7240;139881435150080
30039408;7352;139881435150080
31255388;6084;139881435150080
29414647;6528;139881443542784
29483812;6860;139881418364672
29008527;7088;139881418364672
28917130;7172;139881443542784
27167479;7240;139881418364672
30052008;7240;139881435150080
27216415;7240;139881418364672
30677805;7240;139881435150080
30840719;7352;139881418364672
31342709;6084;139881418364672
29706759;6528;139881426757376
30222906;6860;139881443542784
29671542;7088;139881426757376
29089421;7172;139881418364672
28402558;7240;139881418364672
30723698;7240;139881435150080
28327420;7240;139881443542784
31156699;7240;139881435150080
31225574;7352;139881426757376
31618163;6084;139881443542784
30897662;6528;139881443542784
30745138;6860;139881426757376
29767299;7088;139881435150080
29380937;7172;139881435150080
28671332;7240;139881443542784
31256532;7240;139881443542784
28455781;7240;139881426757376
31170738;7240;139881443542784
32742291;7352;139881435150080
32756554;6084;139881443542784
31516619;6528;139881435150080
31574275;6860;139881443542784
30688050;7088;139881426757376
30478556;7172;139881443542784
28957153;7240;139881418364672
32019812;7240;139881435150080
28670620;7240;139881443542784
31940094;7240;139881435150080
33124408;7352;139881443542784
33477071;6084;139881418364672
31895268;6528;139881435150080
31696980;6860;139881435150080
30708615;7088;139881418364672
31653816;7172;139881418364672
30348011;7240;139881443542784
32028853;7240;139881426757376
28766408;7240;139881426757376
33021275;7240;139881443542784
34036893;7352;139881435150080
34798760;6084;139881426757376
32924006;6528;139881435150080
31736031;6860;139881418364672
31341968;7088;139881418364672
31668381;7172;139881426757376
30352287;7240;139881418364672
32742787;7240;139881435150080
28783547;7240;139881435150080
33146842;7240;139881426757376
34115549;7352;139881418364672
34804865;6084;139881443542784
34089077;6528;139881443542784
32064316;6860;139881426757376
31923006;7088;139881418364672
31726661;7172;139881435150080
30421070;7240;139881426757376
33271438;7240;139881443542784
28994053;7240;139881426757376
33767648;7240;139881443542784
34364114;7352;139881435150080
35426187;6084;139881426757376
34467177;6528;139881426757376
32141468;6860;139881418364672
32564443;7088;139881443542784
32346562;7172;139881443542784
30795818;7240;139881418364672
33314459;7240;139881418364672
30386874;7240;139881443542784
33770835;7240;139881418364672
35502846;7352;139881435150080
35777533;6084;139881426757376
34623992;6528;139881443542784
32153007;6860;139881443542784
32703000;7088;139881426757376
32790700;7172;139881426757376
30870474;7240;139881435150080
33553247;7240;139881435150080
30502799;7240;139881418364672
34400830;7240;139881435150080
36173207;7352;139881418364672
36467695;6084;139881443542784
34630948;6528;139881435150080
32484214;6860;139881418364672
33436362;7088;139881435150080
33339453;7172;139881443542784
31148386;7240;139881418364672
33642536;7240;139881426757376
31515628;7240;139881418364672
34418296;7240;139881443542784
36890051;7352;139881435150080
36518717;6084;139881426757376
35190528;6528;139881443542784
33940215;6860;139881426757376
33480152;7088;139881443542784
33429540;7172;139881426757376
32194576;7240;139881443542784
34903472;7240;139881418364672
32441360;7240;139881443542784
34955608;7240;139881443542784
36898864;7352;139881426757376
36526654;6084;139881435150080
35964974;6680;139881443542784
34578150;6860;139881443542784
33821436;7088;139881443542784
34248706;7172;139881426757376
32586724;7240;139881443542784
35147348;7240;139881435150080
33069459;7240;139881435150080
35360679;7240;139881418364672
36933829;7352;139881443542784
36813204;6084;139881443542784
36882083;6680;139881426757376
34653445;6860;139881426757376
34661526;7088;139881418364672
34923413;7172;139881426757376
32600608;7240;139881418364672
35401740;7240;139881418364672
33276420;7240;139881426757376
35474311;7240;139881443542784
37246536;7352;139881418364672
37130237;6184;139881443542784
37453383;6680;139881435150080
34658477;6860;139881435150080
35034977;7088;139881418364672
35271518;7172;139881435150080
33158435;7240;139881418364672
36127432;7240;139881418364672
34447597;7240;139881426757376
36090254;7240;139881443542784
37794842;7352;139881435150080
37793867;6184;139881435150080
38049211;6680;139881418364672
35131249;6860;139881435150080
35836085;7088;139881418364672
35846518;7172;139881418364672
33662928;7240;139881435150080
36182380;7240;139881443542784
34781536;7240;139881435150080
36596278;7240;139881435150080
37800501;7352;139881443542784
37952132;6184;139881426757376
38543320;6680;139881435150080
35720433;6860;139881418364672
36099900;7088;139881426757376
35893685;7172;139881426757376
33714711;7240;139881443542784
36981218;7240;139881443542784
34794056;7240;139881426757376
36655348;7240;139881426757376
38244101;7352;139881426757376
38672837;6184;139881443542784
38749089;6680;139881418364672
35745232;6860;139881435150080
36712908;7088;139881426757376
36168773;7172;139881418364672
34314634;7240;139881426757376
37229565;7240;139881435150080
35245574;7240;139881418364672
36731030;7240;139881418364672
39607306;7352;139881443542784
39239426;6184;139881443542784
39952145;6680;139881426757376
35937388;6860;139881443542784
37097954;7088;139881426757376
37136729;7172;139881418364672
34377564;7240;139881443542784
38158373;7240;139881426757376
35803087;7240;139881443542784
37093997;7240;139881435150080
39681101;7352;139881435150080
39418346;6184;139881435150080
40227869;6680;139881435150080
36373407;6860;139881418364672
37294192;7088;139881435150080
37158440;7172;139881435150080
34534208;7240;139881418364672
38339148;7240;139881435150080
36006264;7240;139881418364672
37754135;7240;139881426757376
39923399;7352;139881426757376
39472827;6340;139881426757376
40490143;6680;139881443542784
37133690;6860;139881426757376
37432404;7088;139881426757376
37282953;7172;139881426757376
35037546;7240;139881418364672
38552844;7240;139881443542784
36242848;7240;139881435150080
38104908;7240;139881426757376
40496422;7352;139881443542784
39600411;6340;139881443542784
41168623;6680;139881435150080
37380672;6860;139881435150080
38342159;7088;139881443542784
37469431;7172;139881418364672
35270941;7240;139881426757376
38937978;7240;139881443542784
36303508;7240;139881418364672
38633555;7240;139881426757376
40635267;7352;139881418364672
39680461;6340;139881418364672
41727146;6680;139881426757376
37398740;6860;139881418364672
38776432;7088;139881443542784
37482793;7172;139881435150080
35838600;7240;139881418364672
39147137;7240;139881418364672
37463406;7240;139881426757376
38859320;7240;139881443542784
40795724;7352;139881435150080
39932186;6340;139881443542784
41794264;6680;139881435150080
37503465;6860;139881426757376
39353451;7088;139881435150080
37919598;7172;139881443542784
36241806;7240;139881443542784
39294203;7240;139881443542784
37789279;7240;139881418364672
39248618;7240;139881443542784
40981112;7352;139881443542784
41444204;6340;139881435150080
41837634;6680;139881418364672
38326278;6860;139881435150080
39500878;7088;139881418364672
38466935;7172;139881435150080
36572299;7240;139881443542784
40482603;7240;139881426757376
37801282;7240;139881426757376
39271894;7240;139881418364672
42315455;7352;139881435150080
42084108;6340;139881426757376
42627721;6680;139881435150080
38653013;6860;139881435150080
39833966;7088;139881443542784
39465928;7172;139881418364672
37082885;7240;139881418364672
40709668;7240;139881418364672
38316272;7240;139881418364672
39900746;7240;139881443542784
42611265;7352;139881435150080
42494026;6340;139881435150080
43204538;6680;139881426757376
38656168;6860;139881443542784
40557460;7088;139881435150080
39817703;7172;139881418364672
37652854;7240;139881435150080
40852239;7240;139881443542784
38667474;7240;139881418364672
40378128;7240;139881443542784
43211170;7352;139881435150080
44095023;6340;139881426757376
43215681;6680;139881443542784
38962742;6860;139881435150080
41105737;7088;139881426757376
40803670;7172;139881435150080
37804227;7240;139881418364672
41047460;7240;139881435150080
38770415;7240;139881435150080
40748038;7240;139881443542784
43981322;7352;139881426757376
44420683;6340;139881443542784
43991522;6680;139881435150080
39503652;6860;139881418364672
41937200;7088;139881435150080
40824592;7172;139881443542784
37854777;7240;139881426757376
41134270;7240;139881426757376
38882400;7240;139881443542784
41527915;7240;139881443542784
44097526;7352;139881418364672
44612543;6340;139881426757376
44473944;6680;139881418364672
39729137;6860;139881426757376
41995974;7088;139881418364672
41139872;7172;139881443542784
38121450;7240;139881418364672
41296254;7240;139881418364672
38964207;7240;139881418364672
41538430;7240;139881426757376
44604359;7352;139881435150080
45068082;6528;139881426757376
44636350;6680;139881426757376
40210418;6860;139881435150080
42145051;7088;139881443542784
41846701;7172;139881426757376
38409299;7240;139881418364672
41770484;7240;139881426757376
39797107;7240;139881443542784
41541751;7240;139881435150080
44690662;7352;139881443542784
45869576;6528;139881426757376
44673347;6680;139881435150080
40509738;6860;139881426757376
42502716;7088;139881418364672
41868590;7172;139881443542784
38893423;7240;139881443542784
43040077;7240;139881435150080
40236349;7240;139881443542784
41746269;7240;139881418364672
45264733;7352;139881426757376
45903531;6528;139881418364672
45290100;6680;139881426757376
40724312;6860;139881435150080
42942612;7088;139881418364672
42035454;7172;139881435150080
38937919;7240;139881435150080
43064906;7240;139881443542784
40925019;7240;139881418364672
41920140;7240;139881435150080
45827967;7352;139881435150080
46206300;6528;139881426757376
45875011;6680;139881426757376
41100009;6860;139881443542784
43642999;7088;139881426757376
42198249;7172;139881443542784
39600470;7240;139881426757376
43086971;7240;139881418364672
41027175;7240;139881443542784
42222026;7240;139881443542784
46193358;7352;139881426757376
46216488;6528;139881443542784
45979114;6680;139881443542784
41423647;6860;139881443542784
44786886;7088;139881443542784
42485081;7172;139881443542784
39607133;7240;139881435150080
43548667;7240;139881435150080
41411805;7240;139881418364672
42693824;7240;139881435150080
46209353;7352;139881435150080
46926977;6528;139881418364672
46838441;6680;139881435150080
41442776;6860;139881426757376
44906896;7088;139881435150080
43043489;7172;139881426757376
40029974;7240;139881426757376
44067395;7240;139881435150080
41852204;7240;139881435150080
42761516;7240;139881443542784
46546401;7352;139881426757376
47495711;6528;139881443542784
47065744;6680;139881426757376
41807244;6860;139881418364672
45748581;7088;139881418364672
43195690;7172;139881435150080
40146066;7240;139881443542784
44083302;7240;139881426757376
42544982;7240;139881435150080
42984052;7240;139881418364672
47468773;7352;139881443542784
48277382;6528;139881443542784
47344713;6680;139881435150080
42655207;6860;139881443542784
45824147;7088;139881435150080
43884439;7172;139881426757376
40861266;7240;139881418364672
44639570;7240;139881426757376
42568849;7240;139881418364672
43050629;7240;139881435150080
47624916;7352;139881426757376
48973110;6528;139881435150080
48102373;6680;139881426757376
42678874;6860;139881426757376
45858185;7088;139881443542784
44403991;7172;139881418364672
41052392;7240;139881435150080
45456533;7240;139881426757376
42865506;7240;139881435150080
43342874;7240;139881435150080
47875798;7352;139881418364672
49667904;6528;139881435150080
48148243;6680;139881418364672
42804004;6860;139881418364672
46098888;7088;139881426757376
44460937;7172;139881443542784
42255542;7240;139881418364672
46527310;7240;139881435150080
43670815;7240;139881435150080
43879156;7240;139881426757376
47942053;7352;139881443542784
49770408;6528;139881418364672
48159816;6680;139881443542784
43545329;6860;139881426757376
46843478;7088;139881426757376
44680501;7172;139881435150080
43199029;7240;139881418364672
46564485;7240;139881418364672
43839513;7240;139881418364672
44038442;7240;139881418364672
49164633;7352;139881435150080
49781127;6528;139881426757376
48435562;6680;139881426757376
43557975;6860;139881435150080
46908523;7088;139881435150080
44740493;7172;139881418364672
43528692;7240;139881426757376
46653283;7240;139881443542784
44371512;7240;139881435150080
44588361;7240;139881443542784
49222176;7352;139881418364672
50745327;6528;139881435150080
48452321;6680;139881435150080
43774421;6860;139881418364672
47502153;7088;139881426757376
45381869;7172;139881443542784
43532935;7240;139881443542784
46930786;7240;139881435150080
44984104;7240;139881443542784
44753177;7240;139881418364672
49512508;7352;139881435150080
50820027;6528;139881426757376
49088145;6680;139881435150080
44400236;6860;139881443542784
47776920;7088;139881435150080
45457346;7172;139881426757376
43976527;7240;139881418364672
47504071;7240;139881418364672
45056384;7240;139881435150080
44945066;7240;139881435150080
50103197;7352;139881418364672
51596537;6528;139881435150080
49552092;6680;139881418364672
45834501;6860;139881443542784
47848257;7088;139881426757376
45883469;7172;139881418364672
44588440;7240;139881426757376
48081361;7240;139881443542784
45091244;7240;139881418364672
45761149;7240;139881435150080
50618540;7352;139881418364672
52491271;6528;139881443542784
50406029;6680;139881426757376
45856082;6860;139881426757376
48142698;7088;139881426757376
46845125;7172;139881426757376
44833469;7240;139881443542784
48347379;7240;139881435150080
45378355;7240;139881443542784
45870049;7240;139881418364672
50695919;7352;139881426757376
53136467;6528;139881443542784
50644167;6680;139881435150080
46181784;6860;139881418364672
48605561;7088;139881435150080
46881914;7172;139881435150080
44899095;7240;139881435150080
48458297;7240;139881443542784
45736806;7240;139881443542784
46146295;7240;139881435150080
51064477;7352;139881418364672
53171242;6528;139881426757376
50757890;6680;139881426757376
46795143;6860;139881443542784
49067918;7088;139881418364672
46896935;7172;139881443542784
45581281;7240;139881426757376
49124820;7240;139881426757376
46292253;7240;139881418364672
47029981;7240;139881418364672
51326170;7352;139881426757376
53364913;6528;139881435150080
50793756;6680;139881418364672
46827872;6860;139881435150080
49148010;7088;139881426757376
46898569;7172;139881418364672
45601956;7240;139881435150080
49139026;7240;139881443542784
46752926;7240;139881435150080
47201680;7240;139881426757376
51537255;7352;139881443542784
53617844;6528;139881426757376
51087925;6680;139881443542784
46840243;6860;139881426757376
49194906;7088;139881443542784
47225245;7172;139881426757376
46302807;7240;139881435150080
49449378;7240;139881426757376
48025890;7240;139881426757376
47428539;7240;139881418364672
52318397;7352;139881418364672
53623951;6528;139881418364672
52065243;6680;139881418364672
47627027;6860;139881435150080
49942889;7088;139881418364672
47920609;7172;139881418364672
46306856;7240;139881418364672
51962261;7240;139881418364672
48313262;7240;139881435150080
47460594;7240;139881435150080
52386855;7352;139881435150080
54474586;6528;139881418364672
53202937;6680;139881418364672
47630656;6860;139881426757376
50828510;7088;139881435150080
47975235;7172;139881443542784
46686778;7240;139881443542784
52564509;7240;139881435150080
48675850;7240;139881443542784
48063798;7240;139881426757376
52604531;7352;139881426757376
55141058;6528;139881443542784
53500668;6680;139881426757376
48268130;6860;139881435150080
50947209;7088;139881443542784
48629270;7172;139881435150080
47026178;7240;139881426757376
52857748;7240;139881426757376
49207426;7240;139881435150080
48897665;7240;139881418364672
53375634;7352;139881426757376
55249447;6528;139881426757376
53599494;6680;139881443542784
48791400;6860;139881426757376
51799598;7088;139881426757376
49443818;7172;139881443542784
47223904;7240;139881435150080
52921498;7240;139881443542784
49344907;7240;139881426757376
49638160;7240;139881443542784
54139496;7352;139881435150080
55509784;6528;139881443542784
54520012;6680;139881435150080
50325658;6860;139881426757376
51807438;7088;139881418364672
49469458;7172;139881418364672
47346238;7240;139881426757376
53013957;7240;139881435150080
50254729;7240;139881435150080
49781121;7240;139881435150080
54201239;7352;139881443542784
56591148;6528;139881418364672
55018870;6680;139881426757376
50359004;6860;139881418364672
52569196;7088;139881435150080
49962764;7172;139881426757376
48537568;7240;139881443542784
53366028;7240;139881435150080
50435733;7240;139881418364672
49806532;7240;139881426757376
54548530;7352;139881435150080
57609396;6528;139881443542784
55240226;6680;139881435150080
51119247;6860;139881426757376
53381467;7088;139881443542784
50112800;7172;139881443542784
48617592;7240;139881435150080
54181043;7240;139881418364672
51251070;7240;139881426757376
50312783;7240;139881443542784
54889664;7352;139881418364672
57611808;6528;139881426757376
55272270;6680;139881418364672
52027671;6860;139881443542784
53430442;7088;139881435150080
50398924;7172;139881435150080
48973428;7240;139881418364672
55154353;7240;139881443542784
51548235;7240;139881418364672
51338406;7240;139881435150080
56081556;7352;139881418364672
57657226;6528;139881435150080
55794590;6720;139881435150080
52433880;6860;139881435150080
53435271;7088;139881426757376
51275870;7172;139881435150080
49657869;7240;139881418364672
55386713;7240;139881426757376
52114993;7240;139881443542784
51347433;7240;139881418364672
56359555;7352;139881435150080
58036592;6528;139881426757376
56267994;6720;139881435150080
52505754;6860;139881426757376
53733742;7088;139881443542784
52135373;7172;139881435150080
49941886;7240;139881435150080
55589413;7240;139881443542784
52361857;7240;139881426757376
52183705;7240;139881418364672
56648051;7352;139881443542784
58051018;6528;139881418364672
57207413;6720;139881418364672
52637019;6860;139881418364672
54064810;7088;139881443542784
52185991;7172;139881426757376
50665836;7240;139881435150080
55963966;7240;139881418364672
52530859;7240;139881435150080
52317798;7240;139881435150080
56660556;7352;139881426757376
58864894;6528;139881443542784
57223791;6720;139881426757376
53328519;6860;139881443542784
54636515;7088;139881418364672
52201600;7172;139881418364672
51277536;7240;139881435150080
56799264;7240;139881435150080
52832647;7240;139881435150080
52549714;7240;139881418364672
57350354;7352;139881443542784
59669976;6528;139881426757376
57633621;6720;139881418364672
54019625;6860;139881435150080
54781223;7088;139881435150080
53036467;7172;139881435150080
51441126;7240;139881443542784
57437396;7240;139881418364672
53745468;7240;139881426757376
53446137;7240;139881435150080
57747288;7352;139881435150080
59758365;6528;139881435150080
58219139;6720;139881435150080
54317491;6860;139881435150080
56119708;7088;139881435150080
53060758;7172;139881418364672
51649817;7240;139881426757376
57669023;7240;139881435150080
54381696;7240;139881435150080
53891948;7240;139881435150080
58640208;7352;139881426757376
59768999;6528;139881418364672
58318272;6720;139881426757376
56012345;6860;139881443542784
56357966;7088;139881418364672
53263116;7172;139881443542784
52618252;7240;139881443542784
58044129;7240;139881426757376
55080097;7240;139881443542784
54527536;7240;139881418364672
59251603;7352;139881418364672
60316982;6528;139881443542784
58925837;6720;139881418364672
56692796;6860;139881418364672
56506543;7088;139881435150080
53893338;7172;139881435150080
52670660;7240;139881435150080
58499945;7240;139881443542784
56091946;7240;139881435150080
54804834;7240;139881426757376
59574649;7352;139881426757376
60361361;6528;139881426757376
59582180;6720;139881426757376
56709487;6860;139881435150080
56524281;7088;139881426757376
54425958;7172;139881426757376
52705249;7240;139881426757376
58864151;7240;139881443542784
56187703;7240;139881443542784
55201791;7240;139881426757376
59760379;7352;139881418364672
61077309;6528;139881418364672
60678534;6720;139881435150080
56979453;6860;139881426757376
56859591;7088;139881435150080
54839149;7172;139881418364672
52867513;7240;139881418364672
59626551;7240;139881418364672
56227513;7240;139881418364672
55970284;7240;139881418364672
60644652;7352;139881418364672
61920929;6528;139881426757376
61660776;6720;139881443542784
57518491;6860;139881443542784
57801041;7088;139881426757376
55127138;7172;139881426757376
53094910;7240;139881435150080
59765375;7240;139881443542784
56838710;7240;139881418364672
56975126;7240;139881418364672
61207268;7352;139881435150080
62900985;6528;139881435150080
61745492;6720;139881435150080
58251869;6860;139881418364672
57862930;7088;139881435150080
55198853;7172;139881418364672
53762985;7240;139881435150080
60029069;7240;139881435150080
56890650;7240;139881426757376
57060069;7240;139881435150080
61381096;7352;139881426757376
63118155;6528;139881443542784
61869776;6720;139881426757376
58636860;6860;139881443542784
58513646;7088;139881418364672
56118596;7172;139881426757376
53781310;7240;139881443542784
60220514;7240;139881418364672
56913113;7240;139881443542784
57508712;7240;139881435150080
62115288;7352;139881435150080
63392576;6528;139881426757376
62239575;6720;139881443542784
59680751;6860;139881418364672
59167838;7088;139881426757376
56301273;7172;139881418364672
54356905;7240;139881418364672
60732212;7240;139881418364672
57176533;7240;139881418364672
57885351;7240;139881435150080
62730254;7352;139881418364672
64825760;6528;139881435150080
62956983;6720;139881435150080
60088737;6860;139881443542784
59570881;7088;139881426757376
56947153;7172;139881435150080
56169753;7240;139881443542784
61643800;7240;139881418364672
57755782;7240;139881443542784
58731668;7240;139881435150080
62733192;7352;139881443542784
65077412;6528;139881418364672
63054428;6720;139881426757376
61101396;6860;139881418364672
59583295;7088;139881435150080
57508929;7172;139881426757376
56645872;7240;139881435150080
61692806;7240;139881435150080
57757694;7240;139881435150080
58771764;7240;139881426757376
63078067;7352;139881443542784
66260722;6528;139881435150080
63773578;6720;139881426757376
61208063;6860;139881443542784
60111224;7088;139881435150080
57862845;7172;139881426757376
56858172;7240;139881426757376
61766060;7240;139881443542784
58218810;7240;139881435150080
59041721;7240;139881435150080
63581158;7352;139881443542784
66468781;6528;139881426757376
64955790;6720;139881435150080
61705629;6860;139881426757376
60877574;7088;139881426757376
59204516;7172;139881435150080
57012086;7240;139881418364672
62001953;7240;139881418364672
58927516;7240;139881418364672
59664234;7240;139881426757376
63624061;7352;139881426757376
66474578;6528;139881443542784
65135876;6720;139881426757376
61975447;6860;139881443542784
61336654;7088;139881426757376
59522019;7172;139881426757376
57309645;7240;139881435150080
62306022;7240;139881443542784
59195976;7240;139881435150080
59694785;7240;139881418364672
64026151;7352;139881426757376
66481735;6528;139881418364672
65659287;6720;139881435150080
62147199;6860;139881426757376
61349481;7088;139881435150080
59769029;7172;139881435150080
58099045;7240;139881418364672
62762555;7240;139881426757376
59762740;7240;139881443542784
59993441;7240;139881426757376
64977499;7352;139881418364672
67274136;6528;139881426757376
65993900;6720;139881435150080
62959237;6860;139881426757376
61637288;7088;139881418364672
59988744;7172;139881443542784
58661902;7240;139881443542784
62932207;7240;139881418364672
60709868;7240;139881435150080
61128121;7240;139881426757376
65012963;7352;139881426757376
68334334;6528;139881443542784
66498727;6720;139881418364672
63921194;6860;139881418364672
62027237;7088;139881435150080
60013780;7172;139881418364672
58835537;7240;139881426757376
63916607;7240;139881443542784
60907130;7240;139881418364672
61377118;7240;139881435150080
65206621;7352;139881443542784
69244011;6528;139881443542784
67066534;6720;139881418364672
64240671;6860;139881435150080
62898807;7088;139881426757376
60149837;7172;139881426757376
59080965;7240;139881443542784
64218127;7240;139881418364672
61232684;7240;139881443542784
62031354;7240;139881443542784
65552504;7352;139881426757376
69246066;6528;139881426757376
67239423;6720;139881435150080
64355999;6860;139881418364672
62918929;7088;139881443542784
60377642;7172;139881435150080
59442847;7240;139881426757376
64270671;7240;139881443542784
62799130;7240;139881418364672
62119136;7240;139881435150080
66198284;7352;139881435150080
69491477;6528;139881418364672
68296934;6720;139881443542784
65330131;6860;139881435150080
62970619;7088;139881418364672
60499225;7172;139881426757376
60080283;7240;139881426757376
65342407;7240;139881443542784
62911857;7240;139881426757376
62276291;7240;139881426757376
66657983;7352;139881435150080
69618108;6528;139881443542784
68417787;6720;139881418364672
65374670;6860;139881443542784
63244929;7088;139881426757376
61354475;7172;139881435150080
61384018;7240;139881418364672
65989750;7240;139881443542784
62923420;7240;139881435150080
62794917;7240;139881443542784
68192864;7352;139881418364672
69760537;6528;139881426757376
69234378;6720;139881418364672
65857554;6860;139881435150080
63756125;7088;139881443542784
62368497;7172;139881418364672
61438003;7240;139881443542784
66252202;7240;139881426757376
63608345;7240;139881426757376
62869622;7240;139881435150080
68343217;7352;139881435150080
69980792;6528;139881435150080
69866684;6720;139881435150080
66179918;6860;139881435150080
63831790;7088;139881426757376
62676185;7172;139881426757376
61497800;7240;139881435150080
67025659;7240;139881418364672
64102207;7240;139881435150080
63217105;7240;139881426757376
68371413;7352;139881426757376
71242145;6528;139881418364672
70093838;6720;139881426757376
66895918;6860;139881443542784
64102286;7088;139881443542784
62730606;7172;139881418364672
61535991;7240;139881426757376
67635043;7240;139881435150080
64118835;7240;139881426757376
63761092;7240;139881443542784
68407296;7352;139881443542784
71757216;6528;139881418364672
70799041;6720;139881435150080
67780319;6860;139881443542784
65614191;7088;139881426757376
63900383;7172;139881435150080
61898595;7240;139881443542784
67653649;7240;139881443542784
64201942;7240;139881418364672
64252885;7240;139881426757376
68724577;7352;139881435150080
73146622;6528;139881443542784
71583378;6720;139881443542784
68155789;6860;139881443542784
65651251;7088;139881418364672
63945414;7172;139881418364672
61949845;7240;139881418364672
68171694;7240;139881443542784
64627433;7240;139881443542784
64491043;7240;139881435150080
68783930;7352;139881418364672
73662496;6528;139881426757376
71775683;6720;139881418364672
69124804;6860;139881443542784
65815432;7088;139881443542784
64245708;7172;139881426757376
62526883;7240;139881435150080
68639590;7240;139881443542784
65214981;7240;139881418364672
64571707;7240;139881443542784
69547653;7352;139881426757376
73665763;6528;139881435150080
72023007;6720;139881435150080
69220394;6860;139881426757376
66491864;7088;139881418364672
64250785;7172;139881443542784
62627825;7240;139881443542784
68976647;7240;139881443542784
65861724;7240;139881426757376
64742913;7240;139881426757376
70083383;7352;139881426757376
73766754;6528;139881443542784
72111320;6720;139881443542784
69583825;6860;139881435150080
66497922;7088;139881435150080
64494363;7172;139881435150080
63200837;7240;139881443542784
69020029;7240;139881435150080
65893757;7240;139881435150080
66968618;7240;139881418364672
70321197;7352;139881435150080
73994116;6528;139881418364672
72573727;6720;139881443542784
69746318;6860;139881443542784
66590841;7088;139881443542784
65005293;7172;139881435150080
64080733;7240;139881426757376
69500621;7240;139881443542784
65920406;7240;139881418364672
67347391;7240;139881443542784
70837962;7352;139881443542784
74114044;6528;139881426757376
73092206;6720;139881435150080
70282821;6860;139881443542784
67258211;7088;139881426757376
65955897;7172;139881443542784
65109721;7240;139881418364672
70470051;7240;139881418364672
66537257;7240;139881435150080
67369689;7240;139881435150080
71617899;7352;139881443542784
74326577;6528;139881435150080
73576193;6720;139881435150080
71474996;6860;139881435150080
68145513;7088;139881418364672
65970167;7172;139881435150080
65253915;7240;139881426757376
70896136;7240;139881426757376
66603844;7240;139881426757376
67460319;7240;139881426757376
72626562;7352;139881426757376
74522551;6528;139881426757376
74709867;6720;139881443542784
71504963;6860;139881443542784
68230047;7088;139881435150080
66393973;7172;139881443542784
65283571;7240;139881435150080
71224726;7240;139881426757376
67388194;7240;139881435150080
67741178;7240;139881426757376
72629500;7352;139881435150080
76390145;6528;139881435150080
74783707;6720;139881426757376
71880051;6860;139881435150080
68369156;7088;139881426757376
67207799;7172;139881443542784
66929749;7240;139881443542784
71823301;7240;139881418364672
68734346;7240;139881435150080
68889776;7240;139881443542784
73244808;7352;139881443542784
76751809;6528;139881418364672
74810328;6720;139881435150080
71947239;6860;139881418364672
68549460;7088;139881443542784
67214729;7172;139881426757376
66986212;7240;139881418364672
72682504;7240;139881435150080
68874511;7240;139881443542784
68963452;7240;139881418364672
73395056;7352;139881418364672
77493253;6528;139881418364672
75096204;6720;139881418364672
72232627;6860;139881435150080
68858807;7088;139881443542784
68119223;7172;139881443542784
67003306;7240;139881435150080
72917906;7240;139881443542784
68888145;7240;139881418364672
69224838;7240;139881443542784
74542399;7352;139881418364672
78415901;6528;139881418364672
75244107;6720;139881435150080
74235071;6860;139881435150080
69561496;7088;139881418364672
68691868;7172;139881435150080
67698151;7240;139881418364672
72995368;7240;139881435150080
69155875;7240;139881426757376
69916753;7240;139881435150080
74573693;7352;139881426757376
78613307;6528;139881443542784
75588607;6720;139881435150080
74338457;6860;139881418364672
69627596;7088;139881443542784
69537749;7172;139881435150080
67701078;7240;139881443542784
74291259;7240;139881443542784
69717871;7240;139881443542784
69946879;7240;139881418364672
74856273;7352;139881435150080
78925864;6528;139881418364672
77104709;6720;139881426757376
74581077;6860;139881435150080
70282028;7088;139881443542784
69620701;7172;139881426757376
68538144;7240;139881435150080
74401157;7240;139881418364672
69784272;7240;139881435150080
70244950;7240;139881435150080
75857612;7352;139881443542784
78962013;6528;139881426757376
77340078;6720;139881418364672
75472132;6860;139881418364672
70826226;7088;139881426757376
69646522;7172;139881418364672
68597377;7240;139881426757376
75021048;7240;139881443542784
70657531;7240;139881435150080
71089056;7240;139881426757376
76268405;7352;139881426757376
79587895;6528;139881443542784
77352905;6720;139881443542784
75504695;6860;139881426757376
71171704;7088;139881418364672
70307847;7172;139881443542784
68694785;7240;139881443542784
75138888;7240;139881435150080
70708029;7240;139881426757376
71669139;7240;139881443542784
76636812;7352;139881435150080
80029536;6528;139881418364672
77504878;6720;139881435150080
76481434;6860;139881418364672
71352478;7088;139881435150080
70559035;7172;139881426757376
68845444;7240;139881435150080
75684226;7240;139881443542784
71373712;7240;139881418364672
72047203;7240;139881435150080
76689200;7352;139881418364672
80179550;6528;139881435150080
78484916;6720;139881426757376
77241880;6860;139881435150080
72093426;7088;139881443542784
71265543;7172;139881426757376
69248122;7240;139881426757376
75807287;7240;139881435150080
72472185;7240;139881443542784
72389898;7240;139881426757376
77421297;7352;139881435150080
80485790;6528;139881435150080
79773922;6720;139881426757376
78007679;6860;139881426757376
72522563;7088;139881418364672
71598750;7172;139881418364672
69618937;7240;139881426757376
76240114;7240;139881435150080
72523557;7240;139881435150080
72693173;7240;139881426757376
77441843;7352;139881426757376
81468776;6528;139881418364672
80236411;6720;139881443542784
79733285;6860;139881435150080
72842476;7088;139881418364672
71617888;7172;139881426757376
69919638;7240;139881418364672
76835890;7240;139881426757376
73785181;7240;139881443542784
73144712;7240;139881443542784
77714688;7352;139881418364672
81995788;6528;139881435150080
80382675;6720;139881426757376
79901913;6860;139881426757376
72866467;7088;139881443542784
72405695;7172;139881435150080
70633844;7240;139881435150080
76988984;7240;139881443542784
73863105;7240;139881418364672
73888206;7240;139881443542784
78185648;7352;139881443542784
83066892;6528;139881443542784
80562872;6720;139881435150080
79935525;6860;139881418364672
73190083;7088;139881418364672
73121361;7172;139881418364672
71243357;7240;139881443542784
77157991;7240;139881426757376
74149483;7240;139881443542784
73925891;7240;139881426757376
78866384;7352;139881443542784
83402358;6528;139881426757376
80923637;6720;139881435150080
80413218;6860;139881435150080
73661256;7088;139881418364672
73253099;7172;139881426757376
71549510;7240;139881418364672
77171013;7240;139881435150080
74450175;7240;139881435150080
74534740;7240;139881426757376
79607408;7352;139881443542784
83479942;6528;139881443542784
82148423;6720;139881418364672
81182752;6860;139881443542784
73975818;7088;139881443542784
74231220;7172;139881435150080
71627922;7240;139881435150080
77466244;7240;139881426757376
74810152;7240;139881418364672
75090258;7240;139881418364672
79694053;7352;139881426757376
83686777;6528;139881418364672
82189265;6720;139881426757376
81202041;6860;139881435150080
74167078;7088;139881426757376
74615856;7172;139881418364672
71730588;7240;139881443542784
78222188;7240;139881435150080
74865782;7240;139881435150080
75109884;7240;139881426757376
80116553;7352;139881426757376
83819741;6528;139881443542784
82218330;6720;139881435150080
81666459;6860;139881426757376
74233300;7088;139881435150080
74771204;7172;139881426757376
72111081;7240;139881418364672
78358856;7240;139881443542784
75624541;7240;139881418364672
75302377;7240;139881443542784
80544095;7352;139881418364672
84888846;6528;139881426757376
82902500;6720;139881435150080
82759730;6860;139881426757376
74493027;7088;139881418364672
75905623;7172;139881435150080
72798579;7240;139881418364672
78688498;7240;139881418364672
76159799;7240;139881426757376
76025359;7240;139881426757376
80584874;7352;139881435150080
84967689;6528;139881443542784
82952626;6720;139881418364672
82945858;6860;139881443542784
74547797;7088;139881435150080
75971335;7172;139881418364672
72842523;7240;139881435150080
79617039;7240;139881443542784
76371887;7240;139881435150080
76187783;7240;139881418364672
81269993;7352;139881443542784
85210255;6528;139881426757376
83218755;6720;139881435150080
83815952;6860;139881426757376
75606388;7088;139881435150080
76049125;7172;139881443542784
73591749;7240;139881443542784
80332156;7240;139881418364672
77666152;7240;139881426757376
76875579;7240;139881435150080
81371034;7352;139881435150080
86063679;6528;139881443542784
84073607;6720;139881418364672
83825792;6860;139881443542784
76120823;7088;139881435150080
76204594;7172;139881435150080
73862397;7240;139881426757376
80462428;7240;139881443542784
77668175;7240;139881418364672
77002489;7240;139881418364672
81471103;7352;139881418364672
86100964;6528;139881426757376
85403512;6720;139881426757376
83972557;6860;139881435150080
76559960;7088;139881435150080
76537869;7172;139881426757376
75614618;7240;139881443542784
80710507;7240;139881426757376
77692454;7240;139881435150080
77584150;7240;139881418364672
81535978;7352;139881426757376
86113338;6528;139881418364672
85474012;6720;139881418364672
84011423;6860;139881418364672
77564123;7088;139881418364672
77286685;7172;139881443542784
75724439;7240;139881418364672
81429940;7240;139881443542784
78494355;7240;139881426757376
78000300;7240;139881443542784
81586970;7352;139881443542784
86707625;6528;139881435150080
87125662;6720;139881426757376
84745342;6860;139881418364672
77923033;7088;139881426757376
77592917;7172;139881443542784
75991498;7240;139881443542784
81431841;7240;139881418364672
78974582;7240;139881435150080
78800494;7240;139881426757376
82553747;7352;139881418364672
87361261;6528;139881418364672
87381792;6720;139881435150080
85345425;6860;139881426757376
78262684;7088;139881443542784
78998897;7172;139881435150080
76947829;7240;139881443542784
81593512;7240;139881426757376
79166808;7240;139881443542784
78802879;7240;139881443542784
83090191;7352;139881426757376
88157807;6528;139881435150080
87454212;6720;139881443542784
85458909;6860;139881418364672
78873274;7088;139881435150080
79398746;7172;139881443542784
76965697;7240;139881435150080
82163090;7240;139881443542784
79550763;7240;139881443542784
79222315;7240;139881418364672
83213520;7352;139881418364672
88847685;6528;139881443542784
88231494;6720;139881443542784
85513124;6860;139881443542784
79035944;7088;139881443542784
80098124;7172;139881443542784
77045098;7240;139881418364672
82232855;7240;139881435150080
80516480;7240;139881426757376
79336888;7240;139881426757376
83574679;7352;139881426757376
88958452;6528;139881435150080
88263589;6720;139881426757376
86138509;6860;139881443542784
79199607;7088;139881435150080
80551718;7172;139881418364672
77441199;7240;139881426757376
83344719;7240;139881443542784
80651069;7240;139881443542784
80456846;7240;139881426757376
84798906;7352;139881418364672
89666745;6528;139881418364672
88859165;6720;139881426757376
86161533;6860;139881426757376
79498253;7088;139881435150080
80858733;7172;139881418364672
77842876;7240;139881418364672
83482180;7240;139881435150080
80661857;7240;139881418364672
80963940;7240;139881426757376
85527456;7352;139881435150080
90213814;6528;139881426757376
89371625;6720;139881435150080
86350224;6860;139881418364672
79916799;7088;139881426757376
81428578;7172;139881418364672
78270525;7240;139881435150080
83701647;7240;139881426757376
80898834;7240;139881426757376
81483049;7240;139881426757376
86549340;7352;139881435150080
90369991;6528;139881443542784
90785746;6720;139881435150080
86861505;6860;139881418364672
80095275;7088;139881443542784
81713741;7172;139881435150080
78570982;7240;139881435150080
84002882;7240;139881443542784
80984904;7240;139881435150080
82243794;7240;139881426757376
86627728;7352;139881426757376
91116876;6528;139881418364672
91147987;6720;139881418364672
87755811;6860;139881443542784
80404228;7088;139881426757376
82077615;7172;139881443542784
79417383;7240;139881435150080
84568719;7240;139881443542784
81252728;7240;139881418364672
82527003;7240;139881418364672
86765823;7352;139881418364672
91464200;6528;139881418364672
92378908;6720;139881426757376
88286746;6860;139881418364672
80944736;7088;139881418364672
82383223;7172;139881443542784
79809418;7240;139881443542784
85372065;7240;139881426757376
82347416;7240;139881418364672
83416797;7240;139881426757376
87302210;7352;139881443542784
91981563;6528;139881426757376
92990528;6720;139881435150080
88630417;6860;139881418364672
81203629;7088;139881426757376
83079901;7172;139881418364672
80686715;7240;139881418364672
85373925;7240;139881435150080
82429472;7240;139881426757376
84021730;7240;139881418364672
87381217;7352;139881418364672
92527114;6528;139881426757376
93011982;6720;139881418364672
88637288;6860;139881435150080
81400678;7088;139881443542784
83135837;7172;139881426757376
81102323;7240;139881426757376
85664760;7240;139881426757376
82682196;7240;139881435150080
84621425;7240;139881418364672
87620791;7352;139881426757376
92979990;6528;139881435150080
93696752;6720;139881426757376
89378368;6860;139881435150080
82319500;7088;139881426757376
83642834;7172;139881418364672
81282696;7240;139881435150080
87181720;7240;139881418364672
82686627;7240;139881418364672
84713313;7240;139881435150080
88224098;7352;139881418364672
94244486;6528;139881418364672
93851145;6720;139881435150080
89649266;6860;139881426757376
82557583;7088;139881435150080
83772090;7172;139881435150080
81298261;7240;139881418364672
87409380;7240;139881435150080
82976224;7240;139881443542784
85609990;7240;139881426757376
88364630;7352;139881443542784
94312630;6528;139881435150080
94277404;6720;139881426757376
90322114;6860;139881418364672
83359446;7088;139881435150080
84762064;7172;139881426757376
82238064;7240;139881443542784
87924889;7240;139881418364672
83597081;7240;139881418364672
85921923;7240;139881426757376
89352564;7352;139881426757376
94350947;6528;139881443542784
94480833;6720;139881443542784
90552263;6860;139881443542784
84162414;7088;139881435150080
85007802;7172;139881443542784
83126960;7240;139881426757376
88676088;7240;139881418364672
83789335;7240;139881435150080
86753225;7240;139881426757376
90458064;7352;139881435150080
94822344;6528;139881418364672
94923123;6720;139881418364672
90718756;6860;139881435150080
84926319;7088;139881418364672
85108736;7172;139881426757376
83139561;7240;139881418364672
88741770;7240;139881426757376
83931848;7240;139881418364672
88658642;7240;139881443542784
92342101;7352;139881426757376
94955403;6528;139881426757376
97050953;6720;139881426757376
91461004;6860;139881418364672
85374785;7088;139881435150080
85407557;7172;139881426757376
83563400;7240;139881435150080
89033258;7240;139881418364672
84940911;7240;139881435150080
88753659;7240;139881426757376
92395566;7352;139881443542784
95479694;6528;139881435150080
97183193;6720;139881418364672
91502789;6860;139881435150080
85438452;7088;139881426757376
85833212;7172;139881443542784
84365906;7240;139881435150080
89818302;7240;139881435150080
85275555;7240;139881435150080
88872081;7240;139881418364672
92432983;7352;139881418364672
95815862;6528;139881443542784
97557219;6720;139881435150080
91826123;6860;139881418364672
85670912;7088;139881443542784
86034077;7172;139881426757376
85519818;7240;139881435150080
90201810;7240;139881418364672
85689535;7240;139881435150080
89040333;7240;139881443542784
92800451;7352;139881435150080
96200982;6528;139881435150080
98061629;6720;139881443542784
92735015;6860;139881418364672
85777434;7088;139881418364672
86582994;7172;139881443542784
85546995;7240;139881443542784
90356680;7240;139881435150080
85873014;7240;139881426757376
89884105;7240;139881443542784
93005147;7352;139881443542784
96415585;6528;139881418364672
98277532;6720;139881435150080
93215115;6860;139881435150080
86082478;7088;139881435150080
86910579;7172;139881426757376
86039683;7240;139881426757376
90535817;7240;139881418364672
85931564;7240;139881418364672
90158225;7240;139881418364672
93184849;7352;139881435150080
96947464;6528;139881435150080
98636015;6720;139881418364672
93578407;6860;139881418364672
86544830;7088;139881443542784
88052644;7172;139881435150080
87163312;7240;139881443542784
91413670;7240;139881418364672
85995955;7240;139881435150080
90266920;7240;139881443542784
94003601;7352;139881426757376
